"Station","lat","lon","reading_date","Amount.mm."
"Arthurs Pass",-42.94152,171.56285,1949-03-01 12:00:00,736.1
"Arthurs Pass",-42.94152,171.56285,1957-12-25 12:00:00,317.5
"Arthurs Pass",-42.94152,171.56285,1959-01-01 12:00:00,636.8
"Arthurs Pass",-42.94152,171.56285,1960-11-01 12:00:00,319
"Arthurs Pass",-42.94152,171.56285,1961-07-01 12:00:00,486.7
"Arthurs Pass",-42.94152,171.56285,1970-08-31 12:00:00,290.8
"Arthurs Pass",-42.94152,171.56285,1989-12-28 12:00:00,327
"Ashburton Council",-43.89658,171.7472,1936-02-21 12:00:00,121.2
"Ashburton Council",-43.89658,171.7472,1936-02-21 12:00:00,121.2
"Ashburton Council",-43.89658,171.7472,1941-03-19 12:00:00,105.4
"Ashburton Council",-43.89658,171.7472,1941-03-19 12:00:00,105.4
"Ashburton Council",-43.89658,171.7472,1945-02-22 12:00:00,106.7
"Ashburton Council",-43.89658,171.7472,1945-02-22 12:00:00,106.7
"Ashburton Council",-43.89658,171.7472,1973-08-07 12:00:00,86.4
"Ashburton Council",-43.89658,171.7472,1973-08-07 12:00:00,86.4
"Ashburton Council",-43.89658,171.7472,1980-01-03 12:00:00,89.1
"Ashburton Council",-43.89658,171.7472,1980-01-03 12:00:00,89.1
"Ashburton Council",-43.89658,171.7472,2000-08-19 12:00:00,90
"Ashburton Council",-43.89658,171.7472,2000-08-19 12:00:00,90
"Ashburton Council",-43.89658,171.7472,2000-11-29 12:00:00,89.2
"Ashburton Council",-43.89658,171.7472,2000-11-29 12:00:00,89.2
"Ashburton Council",-43.89658,171.7472,2006-12-30 12:00:00,96.3
"Ashburton Council",-43.89658,171.7472,2006-12-30 12:00:00,96.3
"Awatere Vly,Upcot",-41.881,173.582,1962-06-01 12:00:00,95.3
"Awatere Vly,Upcot",-41.881,173.582,1962-06-01 12:00:00,95.3
"Awatere Vly,Upcot",-41.881,173.582,1962-06-01 12:00:00,95.3
"Awatere Vly,Upcot",-41.881,173.582,1975-03-13 12:00:00,116.9
"Awatere Vly,Upcot",-41.881,173.582,1975-03-13 12:00:00,116.9
"Awatere Vly,Upcot",-41.881,173.582,1975-03-13 12:00:00,116.9
"Awatere Vly,Upcot",-41.881,173.582,1983-07-10 12:00:00,99.5
"Awatere Vly,Upcot",-41.881,173.582,1983-07-10 12:00:00,99.5
"Awatere Vly,Upcot",-41.881,173.582,1983-07-10 12:00:00,99.5
"Awatere Vly,Upcot",-41.881,173.582,1985-01-11 12:00:00,143.7
"Awatere Vly,Upcot",-41.881,173.582,1985-01-11 12:00:00,143.7
"Awatere Vly,Upcot",-41.881,173.582,1985-01-11 12:00:00,143.7
"Awatere Vly,Upcot",-41.881,173.582,1990-08-12 12:00:00,87.7
"Awatere Vly,Upcot",-41.881,173.582,1990-08-12 12:00:00,87.7
"Awatere Vly,Upcot",-41.881,173.582,1990-08-12 12:00:00,87.7
"Awatere Vly,Upcot",-41.881,173.582,1994-11-08 12:00:00,79.5
"Awatere Vly,Upcot",-41.881,173.582,1994-11-08 12:00:00,79.5
"Awatere Vly,Upcot",-41.881,173.582,1994-11-08 12:00:00,79.5
"Awatere Vly,Upcot",-41.881,173.582,2008-07-31 12:00:00,87.3
"Awatere Vly,Upcot",-41.881,173.582,2008-07-31 12:00:00,87.3
"Awatere Vly,Upcot",-41.881,173.582,2008-07-31 12:00:00,87.3
"Christchurch Gardens",-43.531,172.619,1942-05-25 12:00:00,101.1
"Christchurch Gardens",-43.531,172.619,1963-12-21 12:00:00,108.2
"Christchurch Gardens",-43.531,172.619,1974-04-17 12:00:00,124.2
"Christchurch Gardens",-43.531,172.619,1975-03-13 12:00:00,87.4
"Christchurch Gardens",-43.531,172.619,1979-03-21 12:00:00,89.6
"Christchurch Gardens",-43.531,172.619,1980-01-03 12:00:00,106
"Christchurch Gardens",-43.531,172.619,1986-11-26 12:00:00,89.6
"Christchurch Gardens",-43.531,172.619,2014-03-05 12:00:00,130
"Cobb Power Station",-41.088,172.731,1948-03-28 12:00:00,188.5
"Cobb Power Station",-41.088,172.731,1954-03-07 12:00:00,180.3
"Cobb Power Station",-41.088,172.731,1968-03-09 12:00:00,181.4
"Cobb Power Station",-41.088,172.731,1971-08-05 12:00:00,199
"Cobb Power Station",-41.088,172.731,1981-11-16 12:00:00,180.7
"Cobb Power Station",-41.088,172.731,2005-03-27 12:00:00,200
"Cobb Power Station",-41.088,172.731,2014-04-22 12:00:00,207
"Dunedin, Btl Gardens",-45.86,170.522,1938-12-04 12:00:00,137.7
"Dunedin, Btl Gardens",-45.86,170.522,1949-06-25 12:00:00,144.8
"Dunedin, Btl Gardens",-45.86,170.522,1979-06-01 12:00:00,131
"Dunedin, Btl Gardens",-45.86,170.522,1987-04-01 12:00:00,210
"Dunedin, Btl Gardens",-45.86,170.522,1991-01-11 12:00:00,137
"Dunedin, Btl Gardens",-45.86,170.522,1994-03-22 12:00:00,130.6
"Dunedin, Btl Gardens",-45.86,170.522,2015-06-04 12:00:00,172.5
"Eastwoodhill Stn 2",-38.56257,177.71977,1944-03-07 12:00:00,165.1
"Eastwoodhill Stn 2",-38.56257,177.71977,1948-05-14 12:00:00,148.6
"Eastwoodhill Stn 2",-38.56257,177.71977,1950-07-02 12:00:00,152.9
"Eastwoodhill Stn 2",-38.56257,177.71977,1960-11-19 12:00:00,160
"Eastwoodhill Stn 2",-38.56257,177.71977,1985-08-01 12:00:00,269
"Eastwoodhill Stn 2",-38.56257,177.71977,1988-03-08 12:00:00,194.4
"Eastwoodhill Stn 2",-38.56257,177.71977,2005-10-22 12:00:00,152.5
"Elstow",-37.51033,175.65433,1966-03-01 12:00:00,126
"Elstow",-37.51033,175.65433,1966-03-01 12:00:00,126
"Elstow",-37.51033,175.65433,1966-03-01 12:00:00,126
"Elstow",-37.51033,175.65433,1966-03-01 12:00:00,126
"Elstow",-37.51033,175.65433,1967-02-03 12:00:00,132.8
"Elstow",-37.51033,175.65433,1967-02-03 12:00:00,132.8
"Elstow",-37.51033,175.65433,1967-02-03 12:00:00,132.8
"Elstow",-37.51033,175.65433,1967-02-03 12:00:00,132.8
"Elstow",-37.51033,175.65433,1981-04-14 12:00:00,107.4
"Elstow",-37.51033,175.65433,1981-04-14 12:00:00,107.4
"Elstow",-37.51033,175.65433,1981-04-14 12:00:00,107.4
"Elstow",-37.51033,175.65433,1981-04-14 12:00:00,107.4
"Elstow",-37.51033,175.65433,1985-02-17 12:00:00,218
"Elstow",-37.51033,175.65433,1985-02-17 12:00:00,218
"Elstow",-37.51033,175.65433,1985-02-17 12:00:00,218
"Elstow",-37.51033,175.65433,1985-02-17 12:00:00,218
"Elstow",-37.51033,175.65433,1987-03-22 12:00:00,169
"Elstow",-37.51033,175.65433,1987-03-22 12:00:00,169
"Elstow",-37.51033,175.65433,1987-03-22 12:00:00,169
"Elstow",-37.51033,175.65433,1987-03-22 12:00:00,169
"Elstow",-37.51033,175.65433,2002-06-21 12:00:00,111.7
"Elstow",-37.51033,175.65433,2002-06-21 12:00:00,111.7
"Elstow",-37.51033,175.65433,2002-06-21 12:00:00,111.7
"Elstow",-37.51033,175.65433,2002-06-21 12:00:00,111.7
"Elstow",-37.51033,175.65433,2011-01-23 12:00:00,106.5
"Elstow",-37.51033,175.65433,2011-01-23 12:00:00,106.5
"Elstow",-37.51033,175.65433,2011-01-23 12:00:00,106.5
"Elstow",-37.51033,175.65433,2011-01-23 12:00:00,106.5
"Elstow",-37.51033,175.65433,2011-01-29 12:00:00,120.5
"Elstow",-37.51033,175.65433,2011-01-29 12:00:00,120.5
"Elstow",-37.51033,175.65433,2011-01-29 12:00:00,120.5
"Elstow",-37.51033,175.65433,2011-01-29 12:00:00,120.5
"Eskdale Hedgeley",-39.41296,176.81377,1936-02-02 12:00:00,145.5
"Eskdale Hedgeley",-39.41296,176.81377,1936-02-02 12:00:00,145.5
"Eskdale Hedgeley",-39.41296,176.81377,1938-01-25 12:00:00,221
"Eskdale Hedgeley",-39.41296,176.81377,1938-01-25 12:00:00,221
"Eskdale Hedgeley",-39.41296,176.81377,1938-04-25 12:00:00,261.6
"Eskdale Hedgeley",-39.41296,176.81377,1938-04-25 12:00:00,261.6
"Eskdale Hedgeley",-39.41296,176.81377,1955-03-12 12:00:00,135.1
"Eskdale Hedgeley",-39.41296,176.81377,1955-03-12 12:00:00,135.1
"Eskdale Hedgeley",-39.41296,176.81377,1970-03-19 12:00:00,150.4
"Eskdale Hedgeley",-39.41296,176.81377,1970-03-19 12:00:00,150.4
"Eskdale Hedgeley",-39.41296,176.81377,1987-03-22 12:00:00,175
"Eskdale Hedgeley",-39.41296,176.81377,1987-03-22 12:00:00,175
"Eskdale Hedgeley",-39.41296,176.81377,2010-10-14 12:00:00,140.6
"Eskdale Hedgeley",-39.41296,176.81377,2010-10-14 12:00:00,140.6
"Gladstone,Bannockburn",-41.10943,175.6364,1947-02-15 12:00:00,108.5
"Gladstone,Bannockburn",-41.10943,175.6364,1947-02-15 12:00:00,108.5
"Gladstone,Bannockburn",-41.10943,175.6364,1947-02-15 12:00:00,108.5
"Gladstone,Bannockburn",-41.10943,175.6364,1947-06-28 12:00:00,140.2
"Gladstone,Bannockburn",-41.10943,175.6364,1947-06-28 12:00:00,140.2
"Gladstone,Bannockburn",-41.10943,175.6364,1947-06-28 12:00:00,140.2
"Gladstone,Bannockburn",-41.10943,175.6364,1968-04-10 12:00:00,101.6
"Gladstone,Bannockburn",-41.10943,175.6364,1968-04-10 12:00:00,101.6
"Gladstone,Bannockburn",-41.10943,175.6364,1968-04-10 12:00:00,101.6
"Gladstone,Bannockburn",-41.10943,175.6364,1981-05-21 12:00:00,128.6
"Gladstone,Bannockburn",-41.10943,175.6364,1981-05-21 12:00:00,128.6
"Gladstone,Bannockburn",-41.10943,175.6364,1981-05-21 12:00:00,128.6
"Gladstone,Bannockburn",-41.10943,175.6364,1991-07-01 12:00:00,133.4
"Gladstone,Bannockburn",-41.10943,175.6364,1991-07-01 12:00:00,133.4
"Gladstone,Bannockburn",-41.10943,175.6364,1991-07-01 12:00:00,133.4
"Gladstone,Bannockburn",-41.10943,175.6364,1992-07-23 12:00:00,104.4
"Gladstone,Bannockburn",-41.10943,175.6364,1992-07-23 12:00:00,104.4
"Gladstone,Bannockburn",-41.10943,175.6364,1992-07-23 12:00:00,104.4
"Gladstone,Bannockburn",-41.10943,175.6364,2005-03-31 12:00:00,117.8
"Gladstone,Bannockburn",-41.10943,175.6364,2005-03-31 12:00:00,117.8
"Gladstone,Bannockburn",-41.10943,175.6364,2005-03-31 12:00:00,117.8
"Glenthorne, Upper Station",-43.17972,171.44398,1938-11-29 12:00:00,145.5
"Glenthorne, Upper Station",-43.17972,171.44398,1939-07-01 12:00:00,165.1
"Glenthorne, Upper Station",-43.17972,171.44398,1953-03-31 12:00:00,146.1
"Glenthorne, Upper Station",-43.17972,171.44398,1967-11-20 12:00:00,160
"Glenthorne, Upper Station",-43.17972,171.44398,2011-11-01 12:00:00,196.6
"Glenthorne, Upper Station",-43.17972,171.44398,2012-07-01 12:00:00,148
"Glenthorne, Upper Station",-43.17972,171.44398,2013-07-01 12:00:00,236.8
"Greentops",-41.481,175.576,1968-04-10 12:00:00,117.9
"Greentops",-41.481,175.576,1968-04-10 12:00:00,117.9
"Greentops",-41.481,175.576,1968-04-10 12:00:00,117.9
"Greentops",-41.481,175.576,1981-10-26 12:00:00,126.4
"Greentops",-41.481,175.576,1981-10-26 12:00:00,126.4
"Greentops",-41.481,175.576,1981-10-26 12:00:00,126.4
"Greentops",-41.481,175.576,1985-08-01 12:00:00,130
"Greentops",-41.481,175.576,1985-08-01 12:00:00,130
"Greentops",-41.481,175.576,1985-08-01 12:00:00,130
"Greentops",-41.481,175.576,1995-04-27 12:00:00,180.3
"Greentops",-41.481,175.576,1995-04-27 12:00:00,180.3
"Greentops",-41.481,175.576,1995-04-27 12:00:00,180.3
"Greentops",-41.481,175.576,2005-03-31 12:00:00,154.1
"Greentops",-41.481,175.576,2005-03-31 12:00:00,154.1
"Greentops",-41.481,175.576,2005-03-31 12:00:00,154.1
"Greentops",-41.481,175.576,2010-05-25 12:00:00,115.3
"Greentops",-41.481,175.576,2010-05-25 12:00:00,115.3
"Greentops",-41.481,175.576,2010-05-25 12:00:00,115.3
"Greentops",-41.481,175.576,2014-04-08 12:00:00,130
"Greentops",-41.481,175.576,2014-04-08 12:00:00,130
"Greentops",-41.481,175.576,2014-04-08 12:00:00,130
"Gwavas",-39.776,176.478,1936-02-02 12:00:00,119.4
"Gwavas",-39.776,176.478,1936-02-02 12:00:00,119.4
"Gwavas",-39.776,176.478,1936-02-02 12:00:00,119.4
"Gwavas",-39.776,176.478,1938-01-25 12:00:00,198.4
"Gwavas",-39.776,176.478,1938-01-25 12:00:00,198.4
"Gwavas",-39.776,176.478,1938-01-25 12:00:00,198.4
"Gwavas",-39.776,176.478,1938-04-25 12:00:00,114.8
"Gwavas",-39.776,176.478,1938-04-25 12:00:00,114.8
"Gwavas",-39.776,176.478,1938-04-25 12:00:00,114.8
"Gwavas",-39.776,176.478,1971-05-04 12:00:00,131.3
"Gwavas",-39.776,176.478,1971-05-04 12:00:00,131.3
"Gwavas",-39.776,176.478,1971-05-04 12:00:00,131.3
"Gwavas",-39.776,176.478,1987-03-22 12:00:00,130.8
"Gwavas",-39.776,176.478,1987-03-22 12:00:00,130.8
"Gwavas",-39.776,176.478,1987-03-22 12:00:00,130.8
"Gwavas",-39.776,176.478,1999-11-29 12:00:00,115
"Gwavas",-39.776,176.478,1999-11-29 12:00:00,115
"Gwavas",-39.776,176.478,1999-11-29 12:00:00,115
"Gwavas",-39.776,176.478,2004-02-16 12:00:00,136.6
"Gwavas",-39.776,176.478,2004-02-16 12:00:00,136.6
"Gwavas",-39.776,176.478,2004-02-16 12:00:00,136.6
"Hapuku-Grange Hill",-42.312,173.692,1948-07-26 12:00:00,202.9
"Hapuku-Grange Hill",-42.312,173.692,1948-07-26 12:00:00,202.9
"Hapuku-Grange Hill",-42.312,173.692,1948-07-26 12:00:00,202.9
"Hapuku-Grange Hill",-42.312,173.692,1952-08-10 12:00:00,235.2
"Hapuku-Grange Hill",-42.312,173.692,1952-08-10 12:00:00,235.2
"Hapuku-Grange Hill",-42.312,173.692,1952-08-10 12:00:00,235.2
"Hapuku-Grange Hill",-42.312,173.692,1966-05-24 12:00:00,228.6
"Hapuku-Grange Hill",-42.312,173.692,1966-05-24 12:00:00,228.6
"Hapuku-Grange Hill",-42.312,173.692,1966-05-24 12:00:00,228.6
"Hapuku-Grange Hill",-42.312,173.692,1975-03-13 12:00:00,266.3
"Hapuku-Grange Hill",-42.312,173.692,1975-03-13 12:00:00,266.3
"Hapuku-Grange Hill",-42.312,173.692,1975-03-13 12:00:00,266.3
"Hapuku-Grange Hill",-42.312,173.692,1979-03-22 12:00:00,211.7
"Hapuku-Grange Hill",-42.312,173.692,1979-03-22 12:00:00,211.7
"Hapuku-Grange Hill",-42.312,173.692,1979-03-22 12:00:00,211.7
"Hapuku-Grange Hill",-42.312,173.692,1980-03-03 12:00:00,330.1
"Hapuku-Grange Hill",-42.312,173.692,1980-03-03 12:00:00,330.1
"Hapuku-Grange Hill",-42.312,173.692,1980-03-03 12:00:00,330.1
"Hapuku-Grange Hill",-42.312,173.692,1994-07-27 12:00:00,301.7
"Hapuku-Grange Hill",-42.312,173.692,1994-07-27 12:00:00,301.7
"Hapuku-Grange Hill",-42.312,173.692,1994-07-27 12:00:00,301.7
"Hapuku-Grange Hill",-42.312,173.692,2008-08-26 12:00:00,268.4
"Hapuku-Grange Hill",-42.312,173.692,2008-08-26 12:00:00,268.4
"Hapuku-Grange Hill",-42.312,173.692,2008-08-26 12:00:00,268.4
"Hawkswood",-42.654,173.329,1942-05-12 12:00:00,161.8
"Hawkswood",-42.654,173.329,1942-05-12 12:00:00,161.8
"Hawkswood",-42.654,173.329,1945-02-22 12:00:00,172.5
"Hawkswood",-42.654,173.329,1945-02-22 12:00:00,172.5
"Hawkswood",-42.654,173.329,1945-08-08 12:00:00,174
"Hawkswood",-42.654,173.329,1945-08-08 12:00:00,174
"Hawkswood",-42.654,173.329,1957-03-11 12:00:00,174
"Hawkswood",-42.654,173.329,1957-03-11 12:00:00,174
"Hawkswood",-42.654,173.329,1963-07-16 12:00:00,168.9
"Hawkswood",-42.654,173.329,1963-07-16 12:00:00,168.9
"Hawkswood",-42.654,173.329,1975-03-13 12:00:00,204
"Hawkswood",-42.654,173.329,1975-03-13 12:00:00,204
"Hawkswood",-42.654,173.329,2008-07-31 12:00:00,253.2
"Hawkswood",-42.654,173.329,2008-07-31 12:00:00,253.2
"Hawkswood",-42.654,173.329,2008-08-26 12:00:00,170
"Hawkswood",-42.654,173.329,2008-08-26 12:00:00,170
"Hororata",-43.546,171.898,1936-02-21 12:00:00,113.5
"Hororata",-43.546,171.898,1936-02-21 12:00:00,113.5
"Hororata",-43.546,171.898,1945-02-22 12:00:00,106.7
"Hororata",-43.546,171.898,1945-02-22 12:00:00,106.7
"Hororata",-43.546,171.898,1951-02-10 12:00:00,91.9
"Hororata",-43.546,171.898,1951-02-10 12:00:00,91.9
"Hororata",-43.546,171.898,1973-08-07 12:00:00,146.6
"Hororata",-43.546,171.898,1973-08-07 12:00:00,146.6
"Hororata",-43.546,171.898,1975-01-29 12:00:00,86.6
"Hororata",-43.546,171.898,1975-01-29 12:00:00,86.6
"Hororata",-43.546,171.898,1986-03-13 12:00:00,96.6
"Hororata",-43.546,171.898,1986-03-13 12:00:00,96.6
"Hororata",-43.546,171.898,2000-08-19 12:00:00,115.8
"Hororata",-43.546,171.898,2000-08-19 12:00:00,115.8
"Hororata",-43.546,171.898,2006-06-12 12:00:00,84.8
"Hororata",-43.546,171.898,2006-06-12 12:00:00,84.8
"Invercargill Aero",-46.41741,168.33052,1958-02-22 12:00:00,54.4
"Invercargill Aero",-46.41741,168.33052,1958-02-22 12:00:00,54.4
"Invercargill Aero",-46.41741,168.33052,1980-01-17 12:00:00,73.4
"Invercargill Aero",-46.41741,168.33052,1980-01-17 12:00:00,73.4
"Invercargill Aero",-46.41741,168.33052,1984-01-27 12:00:00,134.4
"Invercargill Aero",-46.41741,168.33052,1984-01-27 12:00:00,134.4
"Invercargill Aero",-46.41741,168.33052,1991-01-06 12:00:00,67.2
"Invercargill Aero",-46.41741,168.33052,1991-01-06 12:00:00,67.2
"Invercargill Aero",-46.41741,168.33052,1991-02-18 12:00:00,61
"Invercargill Aero",-46.41741,168.33052,1991-02-18 12:00:00,61
"Invercargill Aero",-46.41741,168.33052,1997-04-06 12:00:00,64.3
"Invercargill Aero",-46.41741,168.33052,1997-04-06 12:00:00,64.3
"Invercargill Aero",-46.41741,168.33052,2004-12-31 12:00:00,62.3
"Invercargill Aero",-46.41741,168.33052,2004-12-31 12:00:00,62.3
"Kakahu Bush",-44.159,171.096,1941-03-19 12:00:00,119.6
"Kakahu Bush",-44.159,171.096,1941-03-19 12:00:00,119.6
"Kakahu Bush",-44.159,171.096,1941-03-19 12:00:00,119.6
"Kakahu Bush",-44.159,171.096,1945-02-21 12:00:00,175
"Kakahu Bush",-44.159,171.096,1945-02-21 12:00:00,175
"Kakahu Bush",-44.159,171.096,1945-02-21 12:00:00,175
"Kakahu Bush",-44.159,171.096,1945-02-22 12:00:00,110
"Kakahu Bush",-44.159,171.096,1945-02-22 12:00:00,110
"Kakahu Bush",-44.159,171.096,1945-02-22 12:00:00,110
"Kakahu Bush",-44.159,171.096,1963-04-20 12:00:00,123.4
"Kakahu Bush",-44.159,171.096,1963-04-20 12:00:00,123.4
"Kakahu Bush",-44.159,171.096,1963-04-20 12:00:00,123.4
"Kakahu Bush",-44.159,171.096,1986-03-13 12:00:00,163.2
"Kakahu Bush",-44.159,171.096,1986-03-13 12:00:00,163.2
"Kakahu Bush",-44.159,171.096,1986-03-13 12:00:00,163.2
"Kakahu Bush",-44.159,171.096,1994-03-19 12:00:00,125.9
"Kakahu Bush",-44.159,171.096,1994-03-19 12:00:00,125.9
"Kakahu Bush",-44.159,171.096,1994-03-19 12:00:00,125.9
"Kakahu Bush",-44.159,171.096,1994-07-27 12:00:00,107
"Kakahu Bush",-44.159,171.096,1994-07-27 12:00:00,107
"Kakahu Bush",-44.159,171.096,1994-07-27 12:00:00,107
"Kakahu Bush",-44.159,171.096,2000-08-19 12:00:00,138.5
"Kakahu Bush",-44.159,171.096,2000-08-19 12:00:00,138.5
"Kakahu Bush",-44.159,171.096,2000-08-19 12:00:00,138.5
"Kawhia",-38.385,174.825,1979-12-28 12:00:00,139.6
"Kawhia",-38.385,174.825,1979-12-28 12:00:00,139.6
"Kawhia",-38.385,174.825,1980-01-25 12:00:00,162.7
"Kawhia",-38.385,174.825,1980-01-25 12:00:00,162.7
"Kawhia",-38.385,174.825,1980-06-07 12:00:00,157.1
"Kawhia",-38.385,174.825,1980-06-07 12:00:00,157.1
"Kawhia",-38.385,174.825,1981-08-01 12:00:00,138.8
"Kawhia",-38.385,174.825,1981-08-01 12:00:00,138.8
"Kawhia",-38.385,174.825,1986-01-01 12:00:00,131.9
"Kawhia",-38.385,174.825,1986-01-01 12:00:00,131.9
"Kawhia",-38.385,174.825,1986-02-01 12:00:00,167
"Kawhia",-38.385,174.825,1986-02-01 12:00:00,167
"Kawhia",-38.385,174.825,1999-01-17 12:00:00,140
"Kawhia",-38.385,174.825,1999-01-17 12:00:00,140
"Kohatu,Highfield 2",-41.482,172.99,1957-04-14 12:00:00,140
"Kohatu,Highfield 2",-41.482,172.99,1957-04-14 12:00:00,140
"Kohatu,Highfield 2",-41.482,172.99,1957-04-14 12:00:00,140
"Kohatu,Highfield 2",-41.482,172.99,1971-05-14 12:00:00,129.5
"Kohatu,Highfield 2",-41.482,172.99,1971-05-14 12:00:00,129.5
"Kohatu,Highfield 2",-41.482,172.99,1971-05-14 12:00:00,129.5
"Kohatu,Highfield 2",-41.482,172.99,1983-07-10 12:00:00,153.1
"Kohatu,Highfield 2",-41.482,172.99,1983-07-10 12:00:00,153.1
"Kohatu,Highfield 2",-41.482,172.99,1983-07-10 12:00:00,153.1
"Kohatu,Highfield 2",-41.482,172.99,1986-01-25 12:00:00,122.3
"Kohatu,Highfield 2",-41.482,172.99,1986-01-25 12:00:00,122.3
"Kohatu,Highfield 2",-41.482,172.99,1986-01-25 12:00:00,122.3
"Kohatu,Highfield 2",-41.482,172.99,1995-05-28 12:00:00,124.4
"Kohatu,Highfield 2",-41.482,172.99,1995-05-28 12:00:00,124.4
"Kohatu,Highfield 2",-41.482,172.99,1995-05-28 12:00:00,124.4
"Kohatu,Highfield 2",-41.482,172.99,2005-03-25 12:00:00,187.5
"Kohatu,Highfield 2",-41.482,172.99,2005-03-25 12:00:00,187.5
"Kohatu,Highfield 2",-41.482,172.99,2005-03-25 12:00:00,187.5
"Komako",-40.07488,175.91455,1938-01-25 12:00:00,114.3
"Komako",-40.07488,175.91455,1938-01-25 12:00:00,114.3
"Komako",-40.07488,175.91455,1938-01-25 12:00:00,114.3
"Komako",-40.07488,175.91455,1938-01-25 12:00:00,114.3
"Komako",-40.07488,175.91455,1956-10-11 12:00:00,114.3
"Komako",-40.07488,175.91455,1956-10-11 12:00:00,114.3
"Komako",-40.07488,175.91455,1956-10-11 12:00:00,114.3
"Komako",-40.07488,175.91455,1956-10-11 12:00:00,114.3
"Komako",-40.07488,175.91455,1983-05-23 12:00:00,120.5
"Komako",-40.07488,175.91455,1983-05-23 12:00:00,120.5
"Komako",-40.07488,175.91455,1983-05-23 12:00:00,120.5
"Komako",-40.07488,175.91455,1983-05-23 12:00:00,120.5
"Komako",-40.07488,175.91455,1992-07-23 12:00:00,154
"Komako",-40.07488,175.91455,1992-07-23 12:00:00,154
"Komako",-40.07488,175.91455,1992-07-23 12:00:00,154
"Komako",-40.07488,175.91455,1992-07-23 12:00:00,154
"Komako",-40.07488,175.91455,2004-02-16 12:00:00,195
"Komako",-40.07488,175.91455,2004-02-16 12:00:00,195
"Komako",-40.07488,175.91455,2004-02-16 12:00:00,195
"Komako",-40.07488,175.91455,2004-02-16 12:00:00,195
"Komako",-40.07488,175.91455,2006-07-15 12:00:00,147
"Komako",-40.07488,175.91455,2006-07-15 12:00:00,147
"Komako",-40.07488,175.91455,2006-07-15 12:00:00,147
"Komako",-40.07488,175.91455,2006-07-15 12:00:00,147
"Komako",-40.07488,175.91455,2010-02-01 12:00:00,175
"Komako",-40.07488,175.91455,2010-02-01 12:00:00,175
"Komako",-40.07488,175.91455,2010-02-01 12:00:00,175
"Komako",-40.07488,175.91455,2010-02-01 12:00:00,175
"L Coleridge Homestead",-43.348,171.587,1940-05-09 12:00:00,112.8
"L Coleridge Homestead",-43.348,171.587,1940-05-09 12:00:00,112.8
"L Coleridge Homestead",-43.348,171.587,1940-05-09 12:00:00,112.8
"L Coleridge Homestead",-43.348,171.587,1941-03-19 12:00:00,112.3
"L Coleridge Homestead",-43.348,171.587,1941-03-19 12:00:00,112.3
"L Coleridge Homestead",-43.348,171.587,1941-03-19 12:00:00,112.3
"L Coleridge Homestead",-43.348,171.587,1942-10-24 12:00:00,115.8
"L Coleridge Homestead",-43.348,171.587,1942-10-24 12:00:00,115.8
"L Coleridge Homestead",-43.348,171.587,1942-10-24 12:00:00,115.8
"L Coleridge Homestead",-43.348,171.587,1951-04-18 12:00:00,138.7
"L Coleridge Homestead",-43.348,171.587,1951-04-18 12:00:00,138.7
"L Coleridge Homestead",-43.348,171.587,1951-04-18 12:00:00,138.7
"L Coleridge Homestead",-43.348,171.587,2006-06-18 12:00:00,116
"L Coleridge Homestead",-43.348,171.587,2006-06-18 12:00:00,116
"L Coleridge Homestead",-43.348,171.587,2006-06-18 12:00:00,116
"L Coleridge Homestead",-43.348,171.587,2010-12-29 12:00:00,111.7
"L Coleridge Homestead",-43.348,171.587,2010-12-29 12:00:00,111.7
"L Coleridge Homestead",-43.348,171.587,2010-12-29 12:00:00,111.7
"L Coleridge Homestead",-43.348,171.587,2015-06-20 12:00:00,119
"L Coleridge Homestead",-43.348,171.587,2015-06-20 12:00:00,119
"L Coleridge Homestead",-43.348,171.587,2015-06-20 12:00:00,119
"Lagoon Hill",-41.39042,175.52414,1941-05-04 12:00:00,184.9
"Lagoon Hill",-41.39042,175.52414,1941-05-04 12:00:00,184.9
"Lagoon Hill",-41.39042,175.52414,1941-05-04 12:00:00,184.9
"Lagoon Hill",-41.39042,175.52414,1947-06-28 12:00:00,197.9
"Lagoon Hill",-41.39042,175.52414,1947-06-28 12:00:00,197.9
"Lagoon Hill",-41.39042,175.52414,1947-06-28 12:00:00,197.9
"Lagoon Hill",-41.39042,175.52414,1956-07-15 12:00:00,182.9
"Lagoon Hill",-41.39042,175.52414,1956-07-15 12:00:00,182.9
"Lagoon Hill",-41.39042,175.52414,1956-07-15 12:00:00,182.9
"Lagoon Hill",-41.39042,175.52414,1992-11-01 12:00:00,261.6
"Lagoon Hill",-41.39042,175.52414,1992-11-01 12:00:00,261.6
"Lagoon Hill",-41.39042,175.52414,1992-11-01 12:00:00,261.6
"Lagoon Hill",-41.39042,175.52414,2004-02-16 12:00:00,199
"Lagoon Hill",-41.39042,175.52414,2004-02-16 12:00:00,199
"Lagoon Hill",-41.39042,175.52414,2004-02-16 12:00:00,199
"Lagoon Hill",-41.39042,175.52414,2004-08-19 12:00:00,175
"Lagoon Hill",-41.39042,175.52414,2004-08-19 12:00:00,175
"Lagoon Hill",-41.39042,175.52414,2004-08-19 12:00:00,175
"Lagoon Hill",-41.39042,175.52414,2005-03-31 12:00:00,252
"Lagoon Hill",-41.39042,175.52414,2005-03-31 12:00:00,252
"Lagoon Hill",-41.39042,175.52414,2005-03-31 12:00:00,252
"Lake Tekapo, Air Safaris",-44.002,170.441,1942-10-24 12:00:00,120.7
"Lake Tekapo, Air Safaris",-44.002,170.441,1942-10-24 12:00:00,120.7
"Lake Tekapo, Air Safaris",-44.002,170.441,1942-10-24 12:00:00,120.7
"Lake Tekapo, Air Safaris",-44.002,170.441,1967-11-18 12:00:00,97.3
"Lake Tekapo, Air Safaris",-44.002,170.441,1967-11-18 12:00:00,97.3
"Lake Tekapo, Air Safaris",-44.002,170.441,1967-11-18 12:00:00,97.3
"Lake Tekapo, Air Safaris",-44.002,170.441,1977-06-30 12:00:00,99.5
"Lake Tekapo, Air Safaris",-44.002,170.441,1977-06-30 12:00:00,99.5
"Lake Tekapo, Air Safaris",-44.002,170.441,1977-06-30 12:00:00,99.5
"Lake Tekapo, Air Safaris",-44.002,170.441,1986-07-06 12:00:00,99
"Lake Tekapo, Air Safaris",-44.002,170.441,1986-07-06 12:00:00,99
"Lake Tekapo, Air Safaris",-44.002,170.441,1986-07-06 12:00:00,99
"Lake Tekapo, Air Safaris",-44.002,170.441,1994-03-19 12:00:00,116.2
"Lake Tekapo, Air Safaris",-44.002,170.441,1994-03-19 12:00:00,116.2
"Lake Tekapo, Air Safaris",-44.002,170.441,1994-03-19 12:00:00,116.2
"Lake Tekapo, Air Safaris",-44.002,170.441,2009-05-17 12:00:00,98.8
"Lake Tekapo, Air Safaris",-44.002,170.441,2009-05-17 12:00:00,98.8
"Lake Tekapo, Air Safaris",-44.002,170.441,2009-05-17 12:00:00,98.8
"Lake Tekapo, Air Safaris",-44.002,170.441,2014-04-29 12:00:00,180
"Lake Tekapo, Air Safaris",-44.002,170.441,2014-04-29 12:00:00,180
"Lake Tekapo, Air Safaris",-44.002,170.441,2014-04-29 12:00:00,180
"Linkwater",-41.291,173.872,1952-11-28 12:00:00,170.4
"Linkwater",-41.291,173.872,1952-11-28 12:00:00,170.4
"Linkwater",-41.291,173.872,1952-11-28 12:00:00,170.4
"Linkwater",-41.291,173.872,1952-11-28 12:00:00,170.4
"Linkwater",-41.291,173.872,1971-08-17 12:00:00,198.5
"Linkwater",-41.291,173.872,1971-08-17 12:00:00,198.5
"Linkwater",-41.291,173.872,1971-08-17 12:00:00,198.5
"Linkwater",-41.291,173.872,1971-08-17 12:00:00,198.5
"Linkwater",-41.291,173.872,1971-10-03 12:00:00,182.6
"Linkwater",-41.291,173.872,1971-10-03 12:00:00,182.6
"Linkwater",-41.291,173.872,1971-10-03 12:00:00,182.6
"Linkwater",-41.291,173.872,1971-10-03 12:00:00,182.6
"Linkwater",-41.291,173.872,1972-05-15 12:00:00,180.5
"Linkwater",-41.291,173.872,1972-05-15 12:00:00,180.5
"Linkwater",-41.291,173.872,1972-05-15 12:00:00,180.5
"Linkwater",-41.291,173.872,1972-05-15 12:00:00,180.5
"Linkwater",-41.291,173.872,1976-01-27 12:00:00,196
"Linkwater",-41.291,173.872,1976-01-27 12:00:00,196
"Linkwater",-41.291,173.872,1976-01-27 12:00:00,196
"Linkwater",-41.291,173.872,1976-01-27 12:00:00,196
"Linkwater",-41.291,173.872,1998-07-02 12:00:00,208.7
"Linkwater",-41.291,173.872,1998-07-02 12:00:00,208.7
"Linkwater",-41.291,173.872,1998-07-02 12:00:00,208.7
"Linkwater",-41.291,173.872,1998-07-02 12:00:00,208.7
"Linkwater",-41.291,173.872,2010-12-28 12:00:00,174.5
"Linkwater",-41.291,173.872,2010-12-28 12:00:00,174.5
"Linkwater",-41.291,173.872,2010-12-28 12:00:00,174.5
"Linkwater",-41.291,173.872,2010-12-28 12:00:00,174.5
"Lyndhurst Limewood Farm",-43.703,171.717,1936-02-21 12:00:00,104.1
"Lyndhurst Limewood Farm",-43.703,171.717,1936-02-21 12:00:00,104.1
"Lyndhurst Limewood Farm",-43.703,171.717,1945-02-22 12:00:00,150.4
"Lyndhurst Limewood Farm",-43.703,171.717,1945-02-22 12:00:00,150.4
"Lyndhurst Limewood Farm",-43.703,171.717,1952-11-08 12:00:00,130
"Lyndhurst Limewood Farm",-43.703,171.717,1952-11-08 12:00:00,130
"Lyndhurst Limewood Farm",-43.703,171.717,1973-08-07 12:00:00,102.4
"Lyndhurst Limewood Farm",-43.703,171.717,1973-08-07 12:00:00,102.4
"Lyndhurst Limewood Farm",-43.703,171.717,2000-08-19 12:00:00,167.1
"Lyndhurst Limewood Farm",-43.703,171.717,2000-08-19 12:00:00,167.1
"Lyndhurst Limewood Farm",-43.703,171.717,2006-06-20 12:00:00,103
"Lyndhurst Limewood Farm",-43.703,171.717,2006-06-20 12:00:00,103
"Lyndhurst Limewood Farm",-43.703,171.717,2014-04-19 12:00:00,106
"Lyndhurst Limewood Farm",-43.703,171.717,2014-04-19 12:00:00,106
"Magnet Bay",-43.844,172.744,1936-11-29 12:00:00,96.5
"Magnet Bay",-43.844,172.744,1941-03-20 12:00:00,194.6
"Magnet Bay",-43.844,172.744,1945-05-21 12:00:00,364.5
"Magnet Bay",-43.844,172.744,1968-04-11 12:00:00,103.4
"Magnet Bay",-43.844,172.744,1980-01-03 12:00:00,90.3
"Magnet Bay",-43.844,172.744,1993-05-18 12:00:00,120.3
"Magnet Bay",-43.844,172.744,2002-01-13 12:00:00,96.8
"Magnet Bay",-43.844,172.744,2012-08-13 12:00:00,101.1
"Mapua",-41.251,173.088,1962-06-01 12:00:00,104.4
"Mapua",-41.251,173.088,1962-06-01 12:00:00,104.4
"Mapua",-41.251,173.088,1983-07-10 12:00:00,130.8
"Mapua",-41.251,173.088,1983-07-10 12:00:00,130.8
"Mapua",-41.251,173.088,1985-01-11 12:00:00,127.4
"Mapua",-41.251,173.088,1985-01-11 12:00:00,127.4
"Mapua",-41.251,173.088,1987-05-20 12:00:00,97.8
"Mapua",-41.251,173.088,1987-05-20 12:00:00,97.8
"Mapua",-41.251,173.088,2004-04-09 12:00:00,119.6
"Mapua",-41.251,173.088,2004-04-09 12:00:00,119.6
"Mapua",-41.251,173.088,2013-04-22 12:00:00,105.7
"Mapua",-41.251,173.088,2013-04-22 12:00:00,105.7
"Mapua",-41.251,173.088,2016-02-18 12:00:00,106.4
"Mapua",-41.251,173.088,2016-02-18 12:00:00,106.4
"Mapua",-41.251,173.088,2016-03-24 12:00:00,143.6
"Mapua",-41.251,173.088,2016-03-24 12:00:00,143.6
"Marangai Station",-40.90578,176.00429,1938-01-25 12:00:00,131.1
"Marangai Station",-40.90578,176.00429,1938-01-25 12:00:00,131.1
"Marangai Station",-40.90578,176.00429,1941-05-04 12:00:00,170.9
"Marangai Station",-40.90578,176.00429,1941-05-04 12:00:00,170.9
"Marangai Station",-40.90578,176.00429,1977-04-17 12:00:00,144.5
"Marangai Station",-40.90578,176.00429,1977-04-17 12:00:00,144.5
"Marangai Station",-40.90578,176.00429,1988-09-03 12:00:00,126.5
"Marangai Station",-40.90578,176.00429,1988-09-03 12:00:00,126.5
"Marangai Station",-40.90578,176.00429,1991-04-11 12:00:00,173
"Marangai Station",-40.90578,176.00429,1991-04-11 12:00:00,173
"Marangai Station",-40.90578,176.00429,1992-07-23 12:00:00,132.4
"Marangai Station",-40.90578,176.00429,1992-07-23 12:00:00,132.4
"Marangai Station",-40.90578,176.00429,2005-03-31 12:00:00,143
"Marangai Station",-40.90578,176.00429,2005-03-31 12:00:00,143
"Milford Sound",-44.67384,167.92406,1939-04-17 12:00:00,467.1
"Milford Sound",-44.67384,167.92406,1939-04-17 12:00:00,467.1
"Milford Sound",-44.67384,167.92406,1939-04-17 12:00:00,467.1
"Milford Sound",-44.67384,167.92406,1952-03-25 12:00:00,445
"Milford Sound",-44.67384,167.92406,1952-03-25 12:00:00,445
"Milford Sound",-44.67384,167.92406,1952-03-25 12:00:00,445
"Milford Sound",-44.67384,167.92406,1958-02-13 12:00:00,519.9
"Milford Sound",-44.67384,167.92406,1958-02-13 12:00:00,519.9
"Milford Sound",-44.67384,167.92406,1958-02-13 12:00:00,519.9
"Milford Sound",-44.67384,167.92406,1978-03-27 12:00:00,395.3
"Milford Sound",-44.67384,167.92406,1978-03-27 12:00:00,395.3
"Milford Sound",-44.67384,167.92406,1978-03-27 12:00:00,395.3
"Milford Sound",-44.67384,167.92406,1978-05-31 12:00:00,412.2
"Milford Sound",-44.67384,167.92406,1978-05-31 12:00:00,412.2
"Milford Sound",-44.67384,167.92406,1978-05-31 12:00:00,412.2
"Milford Sound",-44.67384,167.92406,1988-12-12 12:00:00,521.1
"Milford Sound",-44.67384,167.92406,1988-12-12 12:00:00,521.1
"Milford Sound",-44.67384,167.92406,1988-12-12 12:00:00,521.1
"Milford Sound",-44.67384,167.92406,1994-01-21 12:00:00,537.5
"Milford Sound",-44.67384,167.92406,1994-01-21 12:00:00,537.5
"Milford Sound",-44.67384,167.92406,1994-01-21 12:00:00,537.5
"Milford Sound",-44.67384,167.92406,2015-04-26 12:00:00,420
"Milford Sound",-44.67384,167.92406,2015-04-26 12:00:00,420
"Milford Sound",-44.67384,167.92406,2015-04-26 12:00:00,420
"Monowai",-45.748,167.616,1946-10-16 12:00:00,100.8
"Monowai",-45.748,167.616,1946-10-16 12:00:00,100.8
"Monowai",-45.748,167.616,1946-10-16 12:00:00,100.8
"Monowai",-45.748,167.616,1951-11-01 12:00:00,118.9
"Monowai",-45.748,167.616,1951-11-01 12:00:00,118.9
"Monowai",-45.748,167.616,1951-11-01 12:00:00,118.9
"Monowai",-45.748,167.616,1951-12-01 12:00:00,110.2
"Monowai",-45.748,167.616,1951-12-01 12:00:00,110.2
"Monowai",-45.748,167.616,1951-12-01 12:00:00,110.2
"Monowai",-45.748,167.616,1954-08-01 12:00:00,134.6
"Monowai",-45.748,167.616,1954-08-01 12:00:00,134.6
"Monowai",-45.748,167.616,1954-08-01 12:00:00,134.6
"Monowai",-45.748,167.616,1960-08-04 12:00:00,90.4
"Monowai",-45.748,167.616,1960-08-04 12:00:00,90.4
"Monowai",-45.748,167.616,1960-08-04 12:00:00,90.4
"Monowai",-45.748,167.616,1983-06-27 12:00:00,92
"Monowai",-45.748,167.616,1983-06-27 12:00:00,92
"Monowai",-45.748,167.616,1983-06-27 12:00:00,92
"Monowai",-45.748,167.616,1984-01-27 12:00:00,165
"Monowai",-45.748,167.616,1984-01-27 12:00:00,165
"Monowai",-45.748,167.616,1984-01-27 12:00:00,165
"Mt Vernon 2",-39.983,176.563,1938-01-25 12:00:00,157.5
"Mt Vernon 2",-39.983,176.563,1938-01-25 12:00:00,157.5
"Mt Vernon 2",-39.983,176.563,1941-05-04 12:00:00,102.9
"Mt Vernon 2",-39.983,176.563,1941-05-04 12:00:00,102.9
"Mt Vernon 2",-39.983,176.563,1953-01-28 12:00:00,130.3
"Mt Vernon 2",-39.983,176.563,1953-01-28 12:00:00,130.3
"Mt Vernon 2",-39.983,176.563,1979-03-21 12:00:00,110
"Mt Vernon 2",-39.983,176.563,1979-03-21 12:00:00,110
"Mt Vernon 2",-39.983,176.563,1992-10-15 12:00:00,98.6
"Mt Vernon 2",-39.983,176.563,1992-10-15 12:00:00,98.6
"Mt Vernon 2",-39.983,176.563,1999-11-29 12:00:00,96
"Mt Vernon 2",-39.983,176.563,1999-11-29 12:00:00,96
"Mt Vernon 2",-39.983,176.563,2002-01-12 12:00:00,95.8
"Mt Vernon 2",-39.983,176.563,2002-01-12 12:00:00,95.8
"Mt Vernon 2",-39.983,176.563,2004-02-16 12:00:00,131.1
"Mt Vernon 2",-39.983,176.563,2004-02-16 12:00:00,131.1
"Nelson Aero",-41.299,173.226,1970-08-30 12:00:00,137.4
"Nelson Aero",-41.299,173.226,1970-08-30 12:00:00,137.4
"Nelson Aero",-41.299,173.226,1985-01-11 12:00:00,138.4
"Nelson Aero",-41.299,173.226,1985-01-11 12:00:00,138.4
"Nelson Aero",-41.299,173.226,1985-04-20 12:00:00,111.5
"Nelson Aero",-41.299,173.226,1985-04-20 12:00:00,111.5
"Nelson Aero",-41.299,173.226,1995-02-23 12:00:00,110.2
"Nelson Aero",-41.299,173.226,1995-02-23 12:00:00,110.2
"Nelson Aero",-41.299,173.226,1998-07-02 12:00:00,121.3
"Nelson Aero",-41.299,173.226,1998-07-02 12:00:00,121.3
"Nelson Aero",-41.299,173.226,2011-12-15 12:00:00,167.9
"Nelson Aero",-41.299,173.226,2011-12-15 12:00:00,167.9
"Nelson Aero",-41.299,173.226,2016-03-24 12:00:00,137.8
"Nelson Aero",-41.299,173.226,2016-03-24 12:00:00,137.8
"Ngahinapouri",-37.88949,175.2322,1936-02-02 12:00:00,91.7
"Ngahinapouri",-37.88949,175.2322,1936-02-02 12:00:00,91.7
"Ngahinapouri",-37.88949,175.2322,1936-02-02 12:00:00,91.7
"Ngahinapouri",-37.88949,175.2322,1936-02-02 12:00:00,91.7
"Ngahinapouri",-37.88949,175.2322,1936-02-02 12:00:00,91.7
"Ngahinapouri",-37.88949,175.2322,1945-08-01 12:00:00,103.4
"Ngahinapouri",-37.88949,175.2322,1945-08-01 12:00:00,103.4
"Ngahinapouri",-37.88949,175.2322,1945-08-01 12:00:00,103.4
"Ngahinapouri",-37.88949,175.2322,1945-08-01 12:00:00,103.4
"Ngahinapouri",-37.88949,175.2322,1945-08-01 12:00:00,103.4
"Ngahinapouri",-37.88949,175.2322,1949-03-08 12:00:00,92.2
"Ngahinapouri",-37.88949,175.2322,1949-03-08 12:00:00,92.2
"Ngahinapouri",-37.88949,175.2322,1949-03-08 12:00:00,92.2
"Ngahinapouri",-37.88949,175.2322,1949-03-08 12:00:00,92.2
"Ngahinapouri",-37.88949,175.2322,1949-03-08 12:00:00,92.2
"Ngahinapouri",-37.88949,175.2322,1958-02-18 12:00:00,112.8
"Ngahinapouri",-37.88949,175.2322,1958-02-18 12:00:00,112.8
"Ngahinapouri",-37.88949,175.2322,1958-02-18 12:00:00,112.8
"Ngahinapouri",-37.88949,175.2322,1958-02-18 12:00:00,112.8
"Ngahinapouri",-37.88949,175.2322,1958-02-18 12:00:00,112.8
"Ngahinapouri",-37.88949,175.2322,1961-10-29 12:00:00,119.4
"Ngahinapouri",-37.88949,175.2322,1961-10-29 12:00:00,119.4
"Ngahinapouri",-37.88949,175.2322,1961-10-29 12:00:00,119.4
"Ngahinapouri",-37.88949,175.2322,1961-10-29 12:00:00,119.4
"Ngahinapouri",-37.88949,175.2322,1961-10-29 12:00:00,119.4
"Ngahinapouri",-37.88949,175.2322,1965-02-12 12:00:00,158.2
"Ngahinapouri",-37.88949,175.2322,1965-02-12 12:00:00,158.2
"Ngahinapouri",-37.88949,175.2322,1965-02-12 12:00:00,158.2
"Ngahinapouri",-37.88949,175.2322,1965-02-12 12:00:00,158.2
"Ngahinapouri",-37.88949,175.2322,1965-02-12 12:00:00,158.2
"Ngahinapouri",-37.88949,175.2322,1967-02-03 12:00:00,130.8
"Ngahinapouri",-37.88949,175.2322,1967-02-03 12:00:00,130.8
"Ngahinapouri",-37.88949,175.2322,1967-02-03 12:00:00,130.8
"Ngahinapouri",-37.88949,175.2322,1967-02-03 12:00:00,130.8
"Ngahinapouri",-37.88949,175.2322,1967-02-03 12:00:00,130.8
"Ngahinapouri",-37.88949,175.2322,2015-04-19 12:00:00,94.6
"Ngahinapouri",-37.88949,175.2322,2015-04-19 12:00:00,94.6
"Ngahinapouri",-37.88949,175.2322,2015-04-19 12:00:00,94.6
"Ngahinapouri",-37.88949,175.2322,2015-04-19 12:00:00,94.6
"Ngahinapouri",-37.88949,175.2322,2015-04-19 12:00:00,94.6
"Ngaio Downs",-42.072,173.945,1946-06-01 12:00:00,320.8
"Ngaio Downs",-42.072,173.945,1946-06-01 12:00:00,320.8
"Ngaio Downs",-42.072,173.945,1946-06-01 12:00:00,320.8
"Ngaio Downs",-42.072,173.945,1946-06-01 12:00:00,320.8
"Ngaio Downs",-42.072,173.945,1948-08-01 12:00:00,395.2
"Ngaio Downs",-42.072,173.945,1948-08-01 12:00:00,395.2
"Ngaio Downs",-42.072,173.945,1948-08-01 12:00:00,395.2
"Ngaio Downs",-42.072,173.945,1948-08-01 12:00:00,395.2
"Ngaio Downs",-42.072,173.945,1950-07-01 12:00:00,277.1
"Ngaio Downs",-42.072,173.945,1950-07-01 12:00:00,277.1
"Ngaio Downs",-42.072,173.945,1950-07-01 12:00:00,277.1
"Ngaio Downs",-42.072,173.945,1950-07-01 12:00:00,277.1
"Ngaio Downs",-42.072,173.945,1953-02-01 12:00:00,305.1
"Ngaio Downs",-42.072,173.945,1953-02-01 12:00:00,305.1
"Ngaio Downs",-42.072,173.945,1953-02-01 12:00:00,305.1
"Ngaio Downs",-42.072,173.945,1953-02-01 12:00:00,305.1
"Ngaio Downs",-42.072,173.945,1963-08-01 12:00:00,366.3
"Ngaio Downs",-42.072,173.945,1963-08-01 12:00:00,366.3
"Ngaio Downs",-42.072,173.945,1963-08-01 12:00:00,366.3
"Ngaio Downs",-42.072,173.945,1963-08-01 12:00:00,366.3
"Ohawe",-39.588,174.227,1941-11-01 12:00:00,165.9
"Ohawe",-39.588,174.227,1941-11-01 12:00:00,165.9
"Ohawe",-39.588,174.227,1942-03-20 12:00:00,100.1
"Ohawe",-39.588,174.227,1942-03-20 12:00:00,100.1
"Ohawe",-39.588,174.227,2005-12-18 12:00:00,91
"Ohawe",-39.588,174.227,2005-12-18 12:00:00,91
"Ohawe",-39.588,174.227,2011-01-24 12:00:00,112
"Ohawe",-39.588,174.227,2011-01-24 12:00:00,112
"Ophir 2",-45.10611,169.61056,1937-01-03 12:00:00,53.6
"Ophir 2",-45.10611,169.61056,1937-01-03 12:00:00,53.6
"Ophir 2",-45.10611,169.61056,1963-12-11 12:00:00,58.2
"Ophir 2",-45.10611,169.61056,1963-12-11 12:00:00,58.2
"Ophir 2",-45.10611,169.61056,1978-10-14 12:00:00,59.8
"Ophir 2",-45.10611,169.61056,1978-10-14 12:00:00,59.8
"Ophir 2",-45.10611,169.61056,1981-03-07 12:00:00,66.1
"Ophir 2",-45.10611,169.61056,1981-03-07 12:00:00,66.1
"Ophir 2",-45.10611,169.61056,1995-12-13 12:00:00,63.4
"Ophir 2",-45.10611,169.61056,1995-12-13 12:00:00,63.4
"Ophir 2",-45.10611,169.61056,2011-02-07 12:00:00,62.5
"Ophir 2",-45.10611,169.61056,2011-02-07 12:00:00,62.5
"Ophir 2",-45.10611,169.61056,2011-05-08 12:00:00,54.7
"Ophir 2",-45.10611,169.61056,2011-05-08 12:00:00,54.7
"Orari Estate",-44.127,171.308,1936-02-21 12:00:00,128.8
"Orari Estate",-44.127,171.308,1936-02-21 12:00:00,128.8
"Orari Estate",-44.127,171.308,1941-03-19 12:00:00,122.2
"Orari Estate",-44.127,171.308,1941-03-19 12:00:00,122.2
"Orari Estate",-44.127,171.308,1945-02-21 12:00:00,100.1
"Orari Estate",-44.127,171.308,1945-02-21 12:00:00,100.1
"Orari Estate",-44.127,171.308,1945-02-22 12:00:00,200.7
"Orari Estate",-44.127,171.308,1945-02-22 12:00:00,200.7
"Orari Estate",-44.127,171.308,1980-01-03 12:00:00,154
"Orari Estate",-44.127,171.308,1980-01-03 12:00:00,154
"Orari Estate",-44.127,171.308,1986-03-13 12:00:00,92.8
"Orari Estate",-44.127,171.308,1986-03-13 12:00:00,92.8
"Orari Estate",-44.127,171.308,1996-02-09 12:00:00,95.6
"Orari Estate",-44.127,171.308,1996-02-09 12:00:00,95.6
"Orari Estate",-44.127,171.308,2000-08-19 12:00:00,151.8
"Orari Estate",-44.127,171.308,2000-08-19 12:00:00,151.8
"Orari Gorge",-43.976,171.196,1941-03-19 12:00:00,162.1
"Orari Gorge",-43.976,171.196,1941-03-19 12:00:00,162.1
"Orari Gorge",-43.976,171.196,1941-03-19 12:00:00,162.1
"Orari Gorge",-43.976,171.196,1943-01-12 12:00:00,122.7
"Orari Gorge",-43.976,171.196,1943-01-12 12:00:00,122.7
"Orari Gorge",-43.976,171.196,1943-01-12 12:00:00,122.7
"Orari Gorge",-43.976,171.196,1945-02-21 12:00:00,154.9
"Orari Gorge",-43.976,171.196,1945-02-21 12:00:00,154.9
"Orari Gorge",-43.976,171.196,1945-02-21 12:00:00,154.9
"Orari Gorge",-43.976,171.196,1945-02-22 12:00:00,126.2
"Orari Gorge",-43.976,171.196,1945-02-22 12:00:00,126.2
"Orari Gorge",-43.976,171.196,1945-02-22 12:00:00,126.2
"Orari Gorge",-43.976,171.196,1963-04-20 12:00:00,187.7
"Orari Gorge",-43.976,171.196,1963-04-20 12:00:00,187.7
"Orari Gorge",-43.976,171.196,1963-04-20 12:00:00,187.7
"Orari Gorge",-43.976,171.196,1975-01-29 12:00:00,161
"Orari Gorge",-43.976,171.196,1975-01-29 12:00:00,161
"Orari Gorge",-43.976,171.196,1975-01-29 12:00:00,161
"Orari Gorge",-43.976,171.196,1986-03-13 12:00:00,122
"Orari Gorge",-43.976,171.196,1986-03-13 12:00:00,122
"Orari Gorge",-43.976,171.196,1986-03-13 12:00:00,122
"Orari Gorge",-43.976,171.196,2000-08-21 12:00:00,208.5
"Orari Gorge",-43.976,171.196,2000-08-21 12:00:00,208.5
"Orari Gorge",-43.976,171.196,2000-08-21 12:00:00,208.5
"Otoko",-38.44672,177.62465,1940-08-15 12:00:00,228.6
"Otoko",-38.44672,177.62465,1944-03-09 12:00:00,232.4
"Otoko",-38.44672,177.62465,1950-07-02 12:00:00,135.9
"Otoko",-38.44672,177.62465,1980-12-26 12:00:00,125.3
"Otoko",-38.44672,177.62465,1980-12-27 12:00:00,132.1
"Otoko",-38.44672,177.62465,1988-03-08 12:00:00,196.9
"Otoko",-38.44672,177.62465,1996-04-01 12:00:00,148.2
"Otoko",-38.44672,177.62465,2005-10-22 12:00:00,159.5
"Owhango, Kakahi Tce",-38.99754,175.37273,1940-02-01 12:00:00,254.3
"Owhango, Kakahi Tce",-38.99754,175.37273,1940-02-01 12:00:00,254.3
"Owhango, Kakahi Tce",-38.99754,175.37273,1944-04-01 12:00:00,168.9
"Owhango, Kakahi Tce",-38.99754,175.37273,1944-04-01 12:00:00,168.9
"Owhango, Kakahi Tce",-38.99754,175.37273,1957-05-24 12:00:00,155.7
"Owhango, Kakahi Tce",-38.99754,175.37273,1957-05-24 12:00:00,155.7
"Owhango, Kakahi Tce",-38.99754,175.37273,1974-07-28 12:00:00,199.7
"Owhango, Kakahi Tce",-38.99754,175.37273,1974-07-28 12:00:00,199.7
"Owhango, Kakahi Tce",-38.99754,175.37273,1980-11-01 12:00:00,178.5
"Owhango, Kakahi Tce",-38.99754,175.37273,1980-11-01 12:00:00,178.5
"Owhango, Kakahi Tce",-38.99754,175.37273,1980-12-01 12:00:00,225
"Owhango, Kakahi Tce",-38.99754,175.37273,1980-12-01 12:00:00,225
"Putara",-40.66774,175.56517,1965-12-01 12:00:00,319
"Putara",-40.66774,175.56517,1965-12-01 12:00:00,319
"Putara",-40.66774,175.56517,1965-12-01 12:00:00,319
"Putara",-40.66774,175.56517,1965-12-01 12:00:00,319
"Putara",-40.66774,175.56517,1979-06-01 12:00:00,438.6
"Putara",-40.66774,175.56517,1979-06-01 12:00:00,438.6
"Putara",-40.66774,175.56517,1979-06-01 12:00:00,438.6
"Putara",-40.66774,175.56517,1979-06-01 12:00:00,438.6
"Putara",-40.66774,175.56517,1986-09-01 12:00:00,380
"Putara",-40.66774,175.56517,1986-09-01 12:00:00,380
"Putara",-40.66774,175.56517,1986-09-01 12:00:00,380
"Putara",-40.66774,175.56517,1986-09-01 12:00:00,380
"Putara",-40.66774,175.56517,1988-10-01 12:00:00,652.9
"Putara",-40.66774,175.56517,1988-10-01 12:00:00,652.9
"Putara",-40.66774,175.56517,1988-10-01 12:00:00,652.9
"Putara",-40.66774,175.56517,1988-10-01 12:00:00,652.9
"Putara",-40.66774,175.56517,1991-12-23 12:00:00,334.9
"Putara",-40.66774,175.56517,1991-12-23 12:00:00,334.9
"Putara",-40.66774,175.56517,1991-12-23 12:00:00,334.9
"Putara",-40.66774,175.56517,1991-12-23 12:00:00,334.9
"Quarry Hills",-46.5432,169.07073,1956-05-30 12:00:00,118.1
"Quarry Hills",-46.5432,169.07073,1959-08-17 12:00:00,91.7
"Quarry Hills",-46.5432,169.07073,1960-06-20 12:00:00,147.1
"Quarry Hills",-46.5432,169.07073,1968-04-12 12:00:00,97.8
"Quarry Hills",-46.5432,169.07073,1980-01-17 12:00:00,119.8
"Quarry Hills",-46.5432,169.07073,1984-09-30 12:00:00,89.9
"Quarry Hills",-46.5432,169.07073,1997-01-12 12:00:00,87.1
"Queenstown",-45.03476,168.66364,1949-03-19 12:00:00,121.9
"Queenstown",-45.03476,168.66364,1949-03-19 12:00:00,121.9
"Queenstown",-45.03476,168.66364,1949-03-19 12:00:00,121.9
"Queenstown",-45.03476,168.66364,1949-03-19 12:00:00,121.9
"Queenstown",-45.03476,168.66364,1978-10-14 12:00:00,87.1
"Queenstown",-45.03476,168.66364,1978-10-14 12:00:00,87.1
"Queenstown",-45.03476,168.66364,1978-10-14 12:00:00,87.1
"Queenstown",-45.03476,168.66364,1978-10-14 12:00:00,87.1
"Queenstown",-45.03476,168.66364,1983-06-27 12:00:00,86.3
"Queenstown",-45.03476,168.66364,1983-06-27 12:00:00,86.3
"Queenstown",-45.03476,168.66364,1983-06-27 12:00:00,86.3
"Queenstown",-45.03476,168.66364,1983-06-27 12:00:00,86.3
"Queenstown",-45.03476,168.66364,1987-03-10 12:00:00,96.7
"Queenstown",-45.03476,168.66364,1987-03-10 12:00:00,96.7
"Queenstown",-45.03476,168.66364,1987-03-10 12:00:00,96.7
"Queenstown",-45.03476,168.66364,1987-03-10 12:00:00,96.7
"Queenstown",-45.03476,168.66364,1991-08-09 12:00:00,85
"Queenstown",-45.03476,168.66364,1991-08-09 12:00:00,85
"Queenstown",-45.03476,168.66364,1991-08-09 12:00:00,85
"Queenstown",-45.03476,168.66364,1991-08-09 12:00:00,85
"Queenstown",-45.03476,168.66364,1991-08-16 12:00:00,84.1
"Queenstown",-45.03476,168.66364,1991-08-16 12:00:00,84.1
"Queenstown",-45.03476,168.66364,1991-08-16 12:00:00,84.1
"Queenstown",-45.03476,168.66364,1991-08-16 12:00:00,84.1
"Queenstown",-45.03476,168.66364,1994-01-09 12:00:00,90.5
"Queenstown",-45.03476,168.66364,1994-01-09 12:00:00,90.5
"Queenstown",-45.03476,168.66364,1994-01-09 12:00:00,90.5
"Queenstown",-45.03476,168.66364,1994-01-09 12:00:00,90.5
"Queenstown",-45.03476,168.66364,1999-11-17 12:00:00,103.2
"Queenstown",-45.03476,168.66364,1999-11-17 12:00:00,103.2
"Queenstown",-45.03476,168.66364,1999-11-17 12:00:00,103.2
"Queenstown",-45.03476,168.66364,1999-11-17 12:00:00,103.2
"Riverside",-42.719,172.885,1945-08-08 12:00:00,130.3
"Riverside",-42.719,172.885,1945-08-08 12:00:00,130.3
"Riverside",-42.719,172.885,1951-04-19 12:00:00,86.1
"Riverside",-42.719,172.885,1951-04-19 12:00:00,86.1
"Riverside",-42.719,172.885,1987-12-10 12:00:00,82.9
"Riverside",-42.719,172.885,1987-12-10 12:00:00,82.9
"Riverside",-42.719,172.885,1995-06-04 12:00:00,75.4
"Riverside",-42.719,172.885,1995-06-04 12:00:00,75.4
"Riverside",-42.719,172.885,2002-01-19 12:00:00,76
"Riverside",-42.719,172.885,2002-01-19 12:00:00,76
"Riverside",-42.719,172.885,2008-02-12 12:00:00,93.4
"Riverside",-42.719,172.885,2008-02-12 12:00:00,93.4
"Riverside",-42.719,172.885,2008-07-31 12:00:00,82.2
"Riverside",-42.719,172.885,2008-07-31 12:00:00,82.2
"Ross",-42.893,170.809,1944-02-10 12:00:00,198.4
"Ross",-42.893,170.809,1944-02-10 12:00:00,198.4
"Ross",-42.893,170.809,1944-02-10 12:00:00,198.4
"Ross",-42.893,170.809,1954-02-01 12:00:00,203.2
"Ross",-42.893,170.809,1954-02-01 12:00:00,203.2
"Ross",-42.893,170.809,1954-02-01 12:00:00,203.2
"Ross",-42.893,170.809,1958-01-24 12:00:00,192.5
"Ross",-42.893,170.809,1958-01-24 12:00:00,192.5
"Ross",-42.893,170.809,1958-01-24 12:00:00,192.5
"Ross",-42.893,170.809,1958-11-01 12:00:00,292.1
"Ross",-42.893,170.809,1958-11-01 12:00:00,292.1
"Ross",-42.893,170.809,1958-11-01 12:00:00,292.1
"Ross",-42.893,170.809,1970-03-07 12:00:00,191.3
"Ross",-42.893,170.809,1970-03-07 12:00:00,191.3
"Ross",-42.893,170.809,1970-03-07 12:00:00,191.3
"Ross",-42.893,170.809,1979-03-07 12:00:00,189.3
"Ross",-42.893,170.809,1979-03-07 12:00:00,189.3
"Ross",-42.893,170.809,1979-03-07 12:00:00,189.3
"Ross",-42.893,170.809,1990-12-12 12:00:00,203.7
"Ross",-42.893,170.809,1990-12-12 12:00:00,203.7
"Ross",-42.893,170.809,1990-12-12 12:00:00,203.7
"Ross",-42.893,170.809,2015-06-19 12:00:00,188.5
"Ross",-42.893,170.809,2015-06-19 12:00:00,188.5
"Ross",-42.893,170.809,2015-06-19 12:00:00,188.5
"Rukuhanga Stn",-37.56604,178.02234,1937-01-02 12:00:00,192.5
"Rukuhanga Stn",-37.56604,178.02234,1972-03-10 12:00:00,168.3
"Rukuhanga Stn",-37.56604,178.02234,1985-02-09 12:00:00,144.8
"Rukuhanga Stn",-37.56604,178.02234,1985-06-16 12:00:00,151.1
"Rukuhanga Stn",-37.56604,178.02234,1988-03-08 12:00:00,155
"Rukuhanga Stn",-37.56604,178.02234,2001-12-09 12:00:00,155.6
"Rukuhanga Stn",-37.56604,178.02234,2011-04-27 12:00:00,151.4
"Russell",-35.26532,174.12182,1936-01-23 12:00:00,203.2
"Russell",-35.26532,174.12182,1936-01-23 12:00:00,203.2
"Russell",-35.26532,174.12182,1936-02-02 12:00:00,300.7
"Russell",-35.26532,174.12182,1936-02-02 12:00:00,300.7
"Russell",-35.26532,174.12182,1936-12-31 12:00:00,189.2
"Russell",-35.26532,174.12182,1936-12-31 12:00:00,189.2
"Russell",-35.26532,174.12182,1940-01-14 12:00:00,204.5
"Russell",-35.26532,174.12182,1940-01-14 12:00:00,204.5
"Russell",-35.26532,174.12182,1940-03-26 12:00:00,265.4
"Russell",-35.26532,174.12182,1940-03-26 12:00:00,265.4
"Russell",-35.26532,174.12182,2007-03-29 12:00:00,197.5
"Russell",-35.26532,174.12182,2007-03-29 12:00:00,197.5
"Russell",-35.26532,174.12182,2011-01-29 12:00:00,227
"Russell",-35.26532,174.12182,2011-01-29 12:00:00,227
"Sevenoaks",-41.536,173.826,1941-02-15 12:00:00,96
"Sevenoaks",-41.536,173.826,1941-02-15 12:00:00,96
"Sevenoaks",-41.536,173.826,1941-02-15 12:00:00,96
"Sevenoaks",-41.536,173.826,1941-02-15 12:00:00,96
"Sevenoaks",-41.536,173.826,1945-09-01 12:00:00,108
"Sevenoaks",-41.536,173.826,1945-09-01 12:00:00,108
"Sevenoaks",-41.536,173.826,1945-09-01 12:00:00,108
"Sevenoaks",-41.536,173.826,1945-09-01 12:00:00,108
"Sevenoaks",-41.536,173.826,1953-11-01 12:00:00,91.7
"Sevenoaks",-41.536,173.826,1953-11-01 12:00:00,91.7
"Sevenoaks",-41.536,173.826,1953-11-01 12:00:00,91.7
"Sevenoaks",-41.536,173.826,1953-11-01 12:00:00,91.7
"Sevenoaks",-41.536,173.826,1955-02-17 12:00:00,81.3
"Sevenoaks",-41.536,173.826,1955-02-17 12:00:00,81.3
"Sevenoaks",-41.536,173.826,1955-02-17 12:00:00,81.3
"Sevenoaks",-41.536,173.826,1955-02-17 12:00:00,81.3
"Sevenoaks",-41.536,173.826,1966-04-26 12:00:00,100.1
"Sevenoaks",-41.536,173.826,1966-04-26 12:00:00,100.1
"Sevenoaks",-41.536,173.826,1966-04-26 12:00:00,100.1
"Sevenoaks",-41.536,173.826,1966-04-26 12:00:00,100.1
"Sevenoaks",-41.536,173.826,1976-01-27 12:00:00,91.1
"Sevenoaks",-41.536,173.826,1976-01-27 12:00:00,91.1
"Sevenoaks",-41.536,173.826,1976-01-27 12:00:00,91.1
"Sevenoaks",-41.536,173.826,1976-01-27 12:00:00,91.1
"Sevenoaks",-41.536,173.826,1995-01-27 12:00:00,98
"Sevenoaks",-41.536,173.826,1995-01-27 12:00:00,98
"Sevenoaks",-41.536,173.826,1995-01-27 12:00:00,98
"Sevenoaks",-41.536,173.826,1995-01-27 12:00:00,98
"Shirley",-43.5029,172.66629,1942-05-25 12:00:00,94
"Shirley",-43.5029,172.66629,1968-04-11 12:00:00,87.6
"Shirley",-43.5029,172.66629,1974-04-17 12:00:00,118.3
"Shirley",-43.5029,172.66629,1975-08-21 12:00:00,90.4
"Shirley",-43.5029,172.66629,1979-03-21 12:00:00,90.7
"Shirley",-43.5029,172.66629,1999-07-18 12:00:00,95
"Shirley",-43.5029,172.66629,2014-03-06 12:00:00,113
"Springburn",-43.68984,171.48338,1941-03-19 12:00:00,109.5
"Springburn",-43.68984,171.48338,1941-03-19 12:00:00,109.5
"Springburn",-43.68984,171.48338,1941-03-19 12:00:00,109.5
"Springburn",-43.68984,171.48338,1941-03-19 12:00:00,109.5
"Springburn",-43.68984,171.48338,1944-12-17 12:00:00,96.5
"Springburn",-43.68984,171.48338,1944-12-17 12:00:00,96.5
"Springburn",-43.68984,171.48338,1944-12-17 12:00:00,96.5
"Springburn",-43.68984,171.48338,1944-12-17 12:00:00,96.5
"Springburn",-43.68984,171.48338,1945-02-21 12:00:00,136.7
"Springburn",-43.68984,171.48338,1945-02-21 12:00:00,136.7
"Springburn",-43.68984,171.48338,1945-02-21 12:00:00,136.7
"Springburn",-43.68984,171.48338,1945-02-21 12:00:00,136.7
"Springburn",-43.68984,171.48338,1973-08-12 12:00:00,133.8
"Springburn",-43.68984,171.48338,1973-08-12 12:00:00,133.8
"Springburn",-43.68984,171.48338,1973-08-12 12:00:00,133.8
"Springburn",-43.68984,171.48338,1973-08-12 12:00:00,133.8
"Springburn",-43.68984,171.48338,1975-01-29 12:00:00,154.6
"Springburn",-43.68984,171.48338,1975-01-29 12:00:00,154.6
"Springburn",-43.68984,171.48338,1975-01-29 12:00:00,154.6
"Springburn",-43.68984,171.48338,1975-01-29 12:00:00,154.6
"Springburn",-43.68984,171.48338,1986-03-13 12:00:00,102.6
"Springburn",-43.68984,171.48338,1986-03-13 12:00:00,102.6
"Springburn",-43.68984,171.48338,1986-03-13 12:00:00,102.6
"Springburn",-43.68984,171.48338,1986-03-13 12:00:00,102.6
"Springburn",-43.68984,171.48338,1994-03-20 12:00:00,97
"Springburn",-43.68984,171.48338,1994-03-20 12:00:00,97
"Springburn",-43.68984,171.48338,1994-03-20 12:00:00,97
"Springburn",-43.68984,171.48338,1994-03-20 12:00:00,97
"Springburn",-43.68984,171.48338,2000-08-19 12:00:00,127
"Springburn",-43.68984,171.48338,2000-08-19 12:00:00,127
"Springburn",-43.68984,171.48338,2000-08-19 12:00:00,127
"Springburn",-43.68984,171.48338,2000-08-19 12:00:00,127
"Stephens Island",-40.666,174.001,1936-12-23 12:00:00,94
"Stephens Island",-40.666,174.001,1936-12-23 12:00:00,94
"Stephens Island",-40.666,174.001,1936-12-23 12:00:00,94
"Stephens Island",-40.666,174.001,1962-01-14 12:00:00,117.6
"Stephens Island",-40.666,174.001,1962-01-14 12:00:00,117.6
"Stephens Island",-40.666,174.001,1962-01-14 12:00:00,117.6
"Stephens Island",-40.666,174.001,1996-01-07 12:00:00,201.5
"Stephens Island",-40.666,174.001,1996-01-07 12:00:00,201.5
"Stephens Island",-40.666,174.001,1996-01-07 12:00:00,201.5
"Stephens Island",-40.666,174.001,1998-06-12 12:00:00,90.7
"Stephens Island",-40.666,174.001,1998-06-12 12:00:00,90.7
"Stephens Island",-40.666,174.001,1998-06-12 12:00:00,90.7
"Stephens Island",-40.666,174.001,2009-07-17 12:00:00,811.1
"Stephens Island",-40.666,174.001,2009-07-17 12:00:00,811.1
"Stephens Island",-40.666,174.001,2009-07-17 12:00:00,811.1
"Stephens Island",-40.666,174.001,2009-12-28 12:00:00,161.1
"Stephens Island",-40.666,174.001,2009-12-28 12:00:00,161.1
"Stephens Island",-40.666,174.001,2009-12-28 12:00:00,161.1
"Stephens Island",-40.666,174.001,2013-02-05 12:00:00,102.5
"Stephens Island",-40.666,174.001,2013-02-05 12:00:00,102.5
"Stephens Island",-40.666,174.001,2013-02-05 12:00:00,102.5
"Tapanui",-45.944,169.257,1940-05-08 12:00:00,98.3
"Tapanui",-45.944,169.257,1940-05-08 12:00:00,98.3
"Tapanui",-45.944,169.257,1940-05-08 12:00:00,98.3
"Tapanui",-45.944,169.257,1940-05-09 12:00:00,76.7
"Tapanui",-45.944,169.257,1940-05-09 12:00:00,76.7
"Tapanui",-45.944,169.257,1940-05-09 12:00:00,76.7
"Tapanui",-45.944,169.257,1978-08-26 12:00:00,85.3
"Tapanui",-45.944,169.257,1978-08-26 12:00:00,85.3
"Tapanui",-45.944,169.257,1978-08-26 12:00:00,85.3
"Tapanui",-45.944,169.257,1978-10-14 12:00:00,118.5
"Tapanui",-45.944,169.257,1978-10-14 12:00:00,118.5
"Tapanui",-45.944,169.257,1978-10-14 12:00:00,118.5
"Tapanui",-45.944,169.257,1980-06-05 12:00:00,113.5
"Tapanui",-45.944,169.257,1980-06-05 12:00:00,113.5
"Tapanui",-45.944,169.257,1980-06-05 12:00:00,113.5
"Tapanui",-45.944,169.257,1987-02-28 12:00:00,74.3
"Tapanui",-45.944,169.257,1987-02-28 12:00:00,74.3
"Tapanui",-45.944,169.257,1987-02-28 12:00:00,74.3
"Tapanui",-45.944,169.257,2006-04-26 12:00:00,80
"Tapanui",-45.944,169.257,2006-04-26 12:00:00,80
"Tapanui",-45.944,169.257,2006-04-26 12:00:00,80
"Te Wharau, Glenburn",-41.32716,175.84032,1942-05-11 12:00:00,362.2
"Te Wharau, Glenburn",-41.32716,175.84032,1942-05-11 12:00:00,362.2
"Te Wharau, Glenburn",-41.32716,175.84032,1942-05-11 12:00:00,362.2
"Te Wharau, Glenburn",-41.32716,175.84032,1947-02-15 12:00:00,144
"Te Wharau, Glenburn",-41.32716,175.84032,1947-02-15 12:00:00,144
"Te Wharau, Glenburn",-41.32716,175.84032,1947-02-15 12:00:00,144
"Te Wharau, Glenburn",-41.32716,175.84032,1947-06-28 12:00:00,123.4
"Te Wharau, Glenburn",-41.32716,175.84032,1947-06-28 12:00:00,123.4
"Te Wharau, Glenburn",-41.32716,175.84032,1947-06-28 12:00:00,123.4
"Te Wharau, Glenburn",-41.32716,175.84032,1981-06-08 12:00:00,134.5
"Te Wharau, Glenburn",-41.32716,175.84032,1981-06-08 12:00:00,134.5
"Te Wharau, Glenburn",-41.32716,175.84032,1981-06-08 12:00:00,134.5
"Te Wharau, Glenburn",-41.32716,175.84032,1981-10-25 12:00:00,132.2
"Te Wharau, Glenburn",-41.32716,175.84032,1981-10-25 12:00:00,132.2
"Te Wharau, Glenburn",-41.32716,175.84032,1981-10-25 12:00:00,132.2
"Te Wharau, Glenburn",-41.32716,175.84032,2010-01-23 12:00:00,119.2
"Te Wharau, Glenburn",-41.32716,175.84032,2010-01-23 12:00:00,119.2
"Te Wharau, Glenburn",-41.32716,175.84032,2010-01-23 12:00:00,119.2
"Te Wharau, Glenburn",-41.32716,175.84032,2013-03-19 12:00:00,119
"Te Wharau, Glenburn",-41.32716,175.84032,2013-03-19 12:00:00,119
"Te Wharau, Glenburn",-41.32716,175.84032,2013-03-19 12:00:00,119
"Trentham Racecourse",-41.14,175.041,1947-02-15 12:00:00,138.7
"Trentham Racecourse",-41.14,175.041,1947-02-15 12:00:00,138.7
"Trentham Racecourse",-41.14,175.041,1947-02-15 12:00:00,138.7
"Trentham Racecourse",-41.14,175.041,1947-02-15 12:00:00,138.7
"Trentham Racecourse",-41.14,175.041,1947-02-15 12:00:00,138.7
"Trentham Racecourse",-41.14,175.041,1962-01-14 12:00:00,146.1
"Trentham Racecourse",-41.14,175.041,1962-01-14 12:00:00,146.1
"Trentham Racecourse",-41.14,175.041,1962-01-14 12:00:00,146.1
"Trentham Racecourse",-41.14,175.041,1962-01-14 12:00:00,146.1
"Trentham Racecourse",-41.14,175.041,1962-01-14 12:00:00,146.1
"Trentham Racecourse",-41.14,175.041,1976-12-20 12:00:00,104
"Trentham Racecourse",-41.14,175.041,1976-12-20 12:00:00,104
"Trentham Racecourse",-41.14,175.041,1976-12-20 12:00:00,104
"Trentham Racecourse",-41.14,175.041,1976-12-20 12:00:00,104
"Trentham Racecourse",-41.14,175.041,1976-12-20 12:00:00,104
"Trentham Racecourse",-41.14,175.041,1981-05-21 12:00:00,124
"Trentham Racecourse",-41.14,175.041,1981-05-21 12:00:00,124
"Trentham Racecourse",-41.14,175.041,1981-05-21 12:00:00,124
"Trentham Racecourse",-41.14,175.041,1981-05-21 12:00:00,124
"Trentham Racecourse",-41.14,175.041,1981-05-21 12:00:00,124
"Trentham Racecourse",-41.14,175.041,1997-10-05 12:00:00,104.1
"Trentham Racecourse",-41.14,175.041,1997-10-05 12:00:00,104.1
"Trentham Racecourse",-41.14,175.041,1997-10-05 12:00:00,104.1
"Trentham Racecourse",-41.14,175.041,1997-10-05 12:00:00,104.1
"Trentham Racecourse",-41.14,175.041,1997-10-05 12:00:00,104.1
"Trentham Racecourse",-41.14,175.041,2003-10-04 12:00:00,109.7
"Trentham Racecourse",-41.14,175.041,2003-10-04 12:00:00,109.7
"Trentham Racecourse",-41.14,175.041,2003-10-04 12:00:00,109.7
"Trentham Racecourse",-41.14,175.041,2003-10-04 12:00:00,109.7
"Trentham Racecourse",-41.14,175.041,2003-10-04 12:00:00,109.7
"Trentham Racecourse",-41.14,175.041,2004-02-16 12:00:00,104.7
"Trentham Racecourse",-41.14,175.041,2004-02-16 12:00:00,104.7
"Trentham Racecourse",-41.14,175.041,2004-02-16 12:00:00,104.7
"Trentham Racecourse",-41.14,175.041,2004-02-16 12:00:00,104.7
"Trentham Racecourse",-41.14,175.041,2004-02-16 12:00:00,104.7
"Trentham Racecourse",-41.14,175.041,2005-01-06 12:00:00,103.1
"Trentham Racecourse",-41.14,175.041,2005-01-06 12:00:00,103.1
"Trentham Racecourse",-41.14,175.041,2005-01-06 12:00:00,103.1
"Trentham Racecourse",-41.14,175.041,2005-01-06 12:00:00,103.1
"Trentham Racecourse",-41.14,175.041,2005-01-06 12:00:00,103.1
"Trotters Creek",-45.386,170.821,1936-02-21 12:00:00,143.5
"Trotters Creek",-45.386,170.821,1936-02-21 12:00:00,143.5
"Trotters Creek",-45.386,170.821,1968-03-09 12:00:00,129.8
"Trotters Creek",-45.386,170.821,1968-03-09 12:00:00,129.8
"Trotters Creek",-45.386,170.821,1987-03-12 12:00:00,96.2
"Trotters Creek",-45.386,170.821,1987-03-12 12:00:00,96.2
"Trotters Creek",-45.386,170.821,1987-05-19 12:00:00,84.6
"Trotters Creek",-45.386,170.821,1987-05-19 12:00:00,84.6
"Trotters Creek",-45.386,170.821,2006-04-26 12:00:00,190.3
"Trotters Creek",-45.386,170.821,2006-04-26 12:00:00,190.3
"Trotters Creek",-45.386,170.821,2011-10-19 12:00:00,110.6
"Trotters Creek",-45.386,170.821,2011-10-19 12:00:00,110.6
"Trotters Creek",-45.386,170.821,2012-03-01 12:00:00,100.8
"Trotters Creek",-45.386,170.821,2012-03-01 12:00:00,100.8
"Waipuna Woodville",-40.33078,175.83817,1941-05-04 12:00:00,109.2
"Waipuna Woodville",-40.33078,175.83817,1941-05-04 12:00:00,109.2
"Waipuna Woodville",-40.33078,175.83817,1941-05-04 12:00:00,109.2
"Waipuna Woodville",-40.33078,175.83817,1953-01-28 12:00:00,117.6
"Waipuna Woodville",-40.33078,175.83817,1953-01-28 12:00:00,117.6
"Waipuna Woodville",-40.33078,175.83817,1953-01-28 12:00:00,117.6
"Waipuna Woodville",-40.33078,175.83817,1965-03-18 12:00:00,120.4
"Waipuna Woodville",-40.33078,175.83817,1965-03-18 12:00:00,120.4
"Waipuna Woodville",-40.33078,175.83817,1965-03-18 12:00:00,120.4
"Waipuna Woodville",-40.33078,175.83817,1967-02-03 12:00:00,121.4
"Waipuna Woodville",-40.33078,175.83817,1967-02-03 12:00:00,121.4
"Waipuna Woodville",-40.33078,175.83817,1967-02-03 12:00:00,121.4
"Waipuna Woodville",-40.33078,175.83817,1976-06-29 12:00:00,114.5
"Waipuna Woodville",-40.33078,175.83817,1976-06-29 12:00:00,114.5
"Waipuna Woodville",-40.33078,175.83817,1976-06-29 12:00:00,114.5
"Waipuna Woodville",-40.33078,175.83817,1978-11-12 12:00:00,128.8
"Waipuna Woodville",-40.33078,175.83817,1978-11-12 12:00:00,128.8
"Waipuna Woodville",-40.33078,175.83817,1978-11-12 12:00:00,128.8
"Waipuna Woodville",-40.33078,175.83817,2004-02-16 12:00:00,130.2
"Waipuna Woodville",-40.33078,175.83817,2004-02-16 12:00:00,130.2
"Waipuna Woodville",-40.33078,175.83817,2004-02-16 12:00:00,130.2
"Waipuna Woodville",-40.33078,175.83817,2006-10-23 12:00:00,103.5
"Waipuna Woodville",-40.33078,175.83817,2006-10-23 12:00:00,103.5
"Waipuna Woodville",-40.33078,175.83817,2006-10-23 12:00:00,103.5
"Wairau Vly,Southwold",-41.547,173.574,1955-02-17 12:00:00,111.8
"Wairau Vly,Southwold",-41.547,173.574,1955-02-17 12:00:00,111.8
"Wairau Vly,Southwold",-41.547,173.574,1955-02-17 12:00:00,111.8
"Wairau Vly,Southwold",-41.547,173.574,1962-06-01 12:00:00,164.8
"Wairau Vly,Southwold",-41.547,173.574,1962-06-01 12:00:00,164.8
"Wairau Vly,Southwold",-41.547,173.574,1962-06-01 12:00:00,164.8
"Wairau Vly,Southwold",-41.547,173.574,1975-04-02 12:00:00,137.4
"Wairau Vly,Southwold",-41.547,173.574,1975-04-02 12:00:00,137.4
"Wairau Vly,Southwold",-41.547,173.574,1975-04-02 12:00:00,137.4
"Wairau Vly,Southwold",-41.547,173.574,1983-07-10 12:00:00,166.8
"Wairau Vly,Southwold",-41.547,173.574,1983-07-10 12:00:00,166.8
"Wairau Vly,Southwold",-41.547,173.574,1983-07-10 12:00:00,166.8
"Wairau Vly,Southwold",-41.547,173.574,1985-01-11 12:00:00,126
"Wairau Vly,Southwold",-41.547,173.574,1985-01-11 12:00:00,126
"Wairau Vly,Southwold",-41.547,173.574,1985-01-11 12:00:00,126
"Wairau Vly,Southwold",-41.547,173.574,1995-02-23 12:00:00,126.6
"Wairau Vly,Southwold",-41.547,173.574,1995-02-23 12:00:00,126.6
"Wairau Vly,Southwold",-41.547,173.574,1995-02-23 12:00:00,126.6
"Wairau Vly,Southwold",-41.547,173.574,1998-07-02 12:00:00,130.8
"Wairau Vly,Southwold",-41.547,173.574,1998-07-02 12:00:00,130.8
"Wairau Vly,Southwold",-41.547,173.574,1998-07-02 12:00:00,130.8
"Wairau Vly,Southwold",-41.547,173.574,2016-03-24 12:00:00,109.7
"Wairau Vly,Southwold",-41.547,173.574,2016-03-24 12:00:00,109.7
"Wairau Vly,Southwold",-41.547,173.574,2016-03-24 12:00:00,109.7
"Wanganui,Spriggens Park Ews",-39.93882,175.04496,1950-02-10 12:00:00,86.4
"Wanganui,Spriggens Park Ews",-39.93882,175.04496,1950-02-10 12:00:00,86.4
"Wanganui,Spriggens Park Ews",-39.93882,175.04496,1950-02-10 12:00:00,86.4
"Wanganui,Spriggens Park Ews",-39.93882,175.04496,1959-01-30 12:00:00,90.9
"Wanganui,Spriggens Park Ews",-39.93882,175.04496,1959-01-30 12:00:00,90.9
"Wanganui,Spriggens Park Ews",-39.93882,175.04496,1959-01-30 12:00:00,90.9
"Wanganui,Spriggens Park Ews",-39.93882,175.04496,1967-02-03 12:00:00,89.4
"Wanganui,Spriggens Park Ews",-39.93882,175.04496,1967-02-03 12:00:00,89.4
"Wanganui,Spriggens Park Ews",-39.93882,175.04496,1967-02-03 12:00:00,89.4
"Wanganui,Spriggens Park Ews",-39.93882,175.04496,1973-03-13 12:00:00,78.2
"Wanganui,Spriggens Park Ews",-39.93882,175.04496,1973-03-13 12:00:00,78.2
"Wanganui,Spriggens Park Ews",-39.93882,175.04496,1973-03-13 12:00:00,78.2
"Wanganui,Spriggens Park Ews",-39.93882,175.04496,2000-04-10 12:00:00,84
"Wanganui,Spriggens Park Ews",-39.93882,175.04496,2000-04-10 12:00:00,84
"Wanganui,Spriggens Park Ews",-39.93882,175.04496,2000-04-10 12:00:00,84
"Wanganui,Spriggens Park Ews",-39.93882,175.04496,2011-01-24 12:00:00,125.4
"Wanganui,Spriggens Park Ews",-39.93882,175.04496,2011-01-24 12:00:00,125.4
"Wanganui,Spriggens Park Ews",-39.93882,175.04496,2011-01-24 12:00:00,125.4
"Wanganui,Spriggens Park Ews",-39.93882,175.04496,2015-06-20 12:00:00,78.2
"Wanganui,Spriggens Park Ews",-39.93882,175.04496,2015-06-20 12:00:00,78.2
"Wanganui,Spriggens Park Ews",-39.93882,175.04496,2015-06-20 12:00:00,78.2
"Ward,Chancet",-41.831,174.171,1946-06-01 12:00:00,167.4
"Ward,Chancet",-41.831,174.171,1946-06-01 12:00:00,167.4
"Ward,Chancet",-41.831,174.171,1946-06-01 12:00:00,167.4
"Ward,Chancet",-41.831,174.171,1946-06-01 12:00:00,167.4
"Ward,Chancet",-41.831,174.171,1953-08-14 12:00:00,137.7
"Ward,Chancet",-41.831,174.171,1953-08-14 12:00:00,137.7
"Ward,Chancet",-41.831,174.171,1953-08-14 12:00:00,137.7
"Ward,Chancet",-41.831,174.171,1953-08-14 12:00:00,137.7
"Ward,Chancet",-41.831,174.171,1962-02-01 12:00:00,137.7
"Ward,Chancet",-41.831,174.171,1962-02-01 12:00:00,137.7
"Ward,Chancet",-41.831,174.171,1962-02-01 12:00:00,137.7
"Ward,Chancet",-41.831,174.171,1962-02-01 12:00:00,137.7
"Ward,Chancet",-41.831,174.171,1979-03-22 12:00:00,131
"Ward,Chancet",-41.831,174.171,1979-03-22 12:00:00,131
"Ward,Chancet",-41.831,174.171,1979-03-22 12:00:00,131
"Ward,Chancet",-41.831,174.171,1979-03-22 12:00:00,131
"Ward,Chancet",-41.831,174.171,1980-03-03 12:00:00,150
"Ward,Chancet",-41.831,174.171,1980-03-03 12:00:00,150
"Ward,Chancet",-41.831,174.171,1980-03-03 12:00:00,150
"Ward,Chancet",-41.831,174.171,1980-03-03 12:00:00,150
"Ward,Chancet",-41.831,174.171,1980-03-04 12:00:00,222
"Ward,Chancet",-41.831,174.171,1980-03-04 12:00:00,222
"Ward,Chancet",-41.831,174.171,1980-03-04 12:00:00,222
"Ward,Chancet",-41.831,174.171,1980-03-04 12:00:00,222
"Ward,Chancet",-41.831,174.171,2008-07-31 12:00:00,131
"Ward,Chancet",-41.831,174.171,2008-07-31 12:00:00,131
"Ward,Chancet",-41.831,174.171,2008-07-31 12:00:00,131
"Ward,Chancet",-41.831,174.171,2008-07-31 12:00:00,131
"Whalesback Stn",-42.491,173.183,1939-08-01 12:00:00,212.1
"Whalesback Stn",-42.491,173.183,1939-08-01 12:00:00,212.1
"Whalesback Stn",-42.491,173.183,1939-12-27 12:00:00,211.3
"Whalesback Stn",-42.491,173.183,1939-12-27 12:00:00,211.3
"Whalesback Stn",-42.491,173.183,1943-09-08 12:00:00,177.8
"Whalesback Stn",-42.491,173.183,1943-09-08 12:00:00,177.8
"Whalesback Stn",-42.491,173.183,1945-06-01 12:00:00,386.1
"Whalesback Stn",-42.491,173.183,1945-06-01 12:00:00,386.1
"Whalesback Stn",-42.491,173.183,1947-10-31 12:00:00,177.8
"Whalesback Stn",-42.491,173.183,1947-10-31 12:00:00,177.8
"Whalesback Stn",-42.491,173.183,1987-03-04 12:00:00,180.1
"Whalesback Stn",-42.491,173.183,1987-03-04 12:00:00,180.1
"Whalesback Stn",-42.491,173.183,1993-12-24 12:00:00,177.8
"Whalesback Stn",-42.491,173.183,1993-12-24 12:00:00,177.8
